Workbook

Sheet Calculadora Simples Nacional
A1: CALCULADORA SIMPLES NACIONAL 2026
A3: RBT12 (Acumulado 12m): | B3: 240000
A4: Faturamento Mensal: | B4: 10000
A6: Anexo | B6: Faixa | C6: Aliq. Nominal | D6: Dedução | E6: Aliq. Efetiva | F6: Valor DAS
A7: Anexo I (Comércio) | B7: =IF($B$3<=180000,1,IF($B$3<=360000,2,IF($B$3<=720000,3,IF($B$3<=1800000,4,IF($B$3<=3600000,5,6))))) -> 2 | C7: =INDEX(Tabelas_Referencia!$D$2:$D$7, B7) -> 0.073 | D7: =INDEX(Tabelas_Referencia!$E$2:$E$7, B7) -> 5940 | E7: =IF($B$3<=180000, C7, (($B$3 * C7) - D7) / $B$3) -> 0.04825 | F7: =B4 * E7 -> 482.5
A8: Anexo II (Indústria) | B8: =IF($B$3<=180000,1,IF($B$3<=360000,2,IF($B$3<=720000,3,IF($B$3<=1800000,4,IF($B$3<=3600000,5,6))))) -> 2 | C8: =INDEX(Tabelas_Referencia!$D$8:$D$13, B8) -> 0.078 | D8: =INDEX(Tabelas_Referencia!$E$8:$E$13, B8) -> 5940 | E8: =IF($B$3<=180000, C8, (($B$3 * C8) - D8) / $B$3) -> 0.05325 | F8: =B4 * E8 -> 532.5
A9: Anexo III (Serviços) | B9: =IF($B$3<=180000,1,IF($B$3<=360000,2,IF($B$3<=720000,3,IF($B$3<=1800000,4,IF($B$3<=3600000,5,6))))) -> 2 | C9: =INDEX(Tabelas_Referencia!$D$14:$D$19, B9) -> 0.112 | D9: =INDEX(Tabelas_Referencia!$E$14:$E$19, B9) -> 9360 | E9: =IF($B$3<=180000, C9, (($B$3 * C9) - D9) / $B$3) -> 0.073 | F9: =B4 * E9 -> 730
A10: Anexo IV (Serviços) | B10: =IF($B$3<=180000,1,IF($B$3<=360000,2,IF($B$3<=720000,3,IF($B$3<=1800000,4,IF($B$3<=3600000,5,6))))) -> 2 | C10: =INDEX(Tabelas_Referencia!$D$20:$D$25, B10) -> 0.09 | D10: =INDEX(Tabelas_Referencia!$E$20:$E$25, B10) -> 8100 | E10: =IF($B$3<=180000, C10, (($B$3 * C10) - D10) / $B$3) -> 0.05625 | F10: =B4 * E10 -> 562.5
A11: Anexo V (Serviços) | B11: =IF($B$3<=180000,1,IF($B$3<=360000,2,IF($B$3<=720000,3,IF($B$3<=1800000,4,IF($B$3<=3600000,5,6))))) -> 2 | C11: =INDEX(Tabelas_Referencia!$D$26:$D$31, B11) -> 0.18 | D11: =INDEX(Tabelas_Referencia!$E$26:$E$31, B11) -> 4500 | E11: =IF($B$3<=180000, C11, (($B$3 * C11) - D11) / $B$3) -> 0.16125 | F11: =B4 * E11 -> 1612.5
A14: Instruções:
A15: - Preencha as células em amarelo (RBT12 e Faturamento Mensal).
A16: - RBT12 é a soma do faturamento dos últimos 12 meses.
A17: - A Alíquota Efetiva é o que você realmente paga sobre o faturamento do mês.
A18: - O cálculo segue a Lei Complementar 155/2016.

Sheet Tabelas_Referencia
A1: Anexo | B1: Faixa | C1: Limite | D1: AliqNom | E1: Ded
A2: I | B2: 1 | C2: 180000 | D2: 0.04 | E2: 0
A3: I | B3: 2 | C3: 360000 | D3: 0.073 | E3: 5940
A4: I | B4: 3 | C4: 720000 | D4: 0.095 | E4: 13860
A5: I | B5: 4 | C5: 1800000 | D5: 0.107 | E5: 22500
A6: I | B6: 5 | C6: 3600000 | D6: 0.143 | E6: 87300
A7: I | B7: 6 | C7: 4800000 | D7: 0.19 | E7: 378000
A8: II | B8: 1 | C8: 180000 | D8: 0.045 | E8: 0
A9: II | B9: 2 | C9: 360000 | D9: 0.078 | E9: 5940
A10: II | B10: 3 | C10: 720000 | D10: 0.1 | E10: 13860
A11: II | B11: 4 | C11: 1800000 | D11: 0.112 | E11: 22500
A12: II | B12: 5 | C12: 3600000 | D12: 0.147 | E12: 85500
A13: II | B13: 6 | C13: 4800000 | D13: 0.3 | E13: 720000
... A31: V | B31: 6 | C31: 4800000 | D31: 0.305 | E31: 540000

Sheet Configuracoes
A1: Parametro | B1: Valor | C1: Legenda / Fonte Oficial
A2: TETO | B2: 4800000 | C2: Limite máximo de faturamento anual do Simples Nacional (LC 123/2006, Art. 3º, II).
A3: SUBLIMITE | B3: 3600000 | C3: Limite estadual/municipal para cobrança de ICMS e ISS dentro do DAS (LC 123/2006, Art. 13-A).
A4: REPARTICAO_ANEXO_I | B4: 33.5 | C4: Percentual destinado ao ICMS na 5ª Faixa do Anexo I (Comércio). Fonte: LC 155/2016, Anexo I.
A5: REPARTICAO_ANEXO_II | B5: 32.0 | C5: Percentual destinado ao ICMS na 5ª Faixa do Anexo II (Indústria). Fonte: LC 155/2016, Anexo II.
A6: REPARTICAO_ANEXO_III | B6: 33.5 | C6: Percentual destinado ao ISS na 5ª Faixa do Anexo III (Serviços). Fonte: LC 155/2016, Anexo III.
A7: REPARTICAO_ANEXO_IV | B7: 40.0 | C7: Percentual destinado ao ISS na 5ª Faixa do Anexo IV (Serviços). Fonte: LC 155/2016, Anexo IV.
A8: REPARTICAO_ANEXO_V | B8: 23.5 | C8: Percentual destinado ao ISS na 5ª Faixa do Anexo V (Serviços). Fonte: LC 155/2016, Anexo V.
